id,name,country,city,date
1,Amelia Johnson,Canada,Toronto,3/1/2024
2,Benjamin White,Germany,Berlin,3/2/2024
3,Charlotte Davis,India,Mumbai,3/3/2024
4,Daniel Thompson,Japan,Tokyo,3/4/2024
5,Emily Harris,Argentina,Buenos Aires,3/5/2024
6,Finn Robinson,Italy,Milan,3/6/2024
7,Grace Walker,Egypt,Cairo,3/7/2024
8,Henry Young,China,Beijing,3/8/2024
9,Isla Scott,Portugal,Lisbon,3/9/2024
10,Jack Hall,Kenya,Nairobi,3/10/2024
11,Katie Allen,United States,Chicago,3/11/2024
12,Leo King,Norway,Oslo,3/12/2024
13,Mia Wright,Chile,Santiago,3/13/2024
14,Nathan Turner,Vietnam,Hanoi,3/14/2024
15,Olivia Phillips,Ireland,Dublin,3/15/2024
16,Paul Baker,Morocco,Casablanca,3/16/2024
17,Quinn Adams,Sweden,Stockholm,3/17/2024
18,Ruby Nelson,Poland,Warsaw,3/18/2024
19,Samuel Carter,Thailand,Bangkok,3/19/2024
20,Tara Mitchell,Greece,Athens,3/20/2024
